<?xml version="1.0" encoding="UTF-8"?>
<beans xmlns="http://www.springframework.org/schema/beans"
	xmlns:xsi="http://www.w3.org/2001/XMLSchema-instance"
	xmlns:context="http://www.springframework.org/schema/context"
	xmlns:mvc="http://www.springframework.org/schema/mvc"
	xmlns:p="http://www.springframework.org/schema/p"
	xmlns:util="http://www.springframework.org/schema/util"
	xsi:schemaLocation="http://www.springframework.org/schema/mvc http://www.springframework.org/schema/mvc/spring-mvc-4.0.xsd
		http://www.springframework.org/schema/beans http://www.springframework.org/schema/beans/spring-beans-4.0.xsd
		http://www.springframework.org/schema/context http://www.springframework.org/schema/context/spring-context-4.0.xsd
		http://www.springframework.org/schema/util http://www.springframework.org/schema/util/spring-util-4.3.xsd">

	<context:annotation-config />
	<context:component-scan base-package="com.app" />
	<mvc:annotation-driven />
	<bean id="viewResolver"
		class="org.springframework.web.servlet.view.InternalResourceViewResolver"
		p:prefix="/WEB-INF/views/" p:suffix=".jsp"
		p:viewClass="org.springframework.web.servlet.view.JstlView" />
		<util:properties id="props" location="classpath:/app.properties"/>
	<import resource="classpath:/hibernate-persistence.xml" />
	<import resource="classpath:/mvc_additional.xml" />
	<import resource="classpath:/email-settings.xml" />


</beans>
