<?xml version="1.0" encoding="UTF-8"?>
 <!DOCTYPE hibernate-configuration SYSTEM "file:/d:/dtds/hibernate3.dtd">
		
<hibernate-configuration>

	<session-factory>

		<property name="hibernate.connection.autocommit">false</property>
		<property name="hibernate.connection.driver_class">oracle.jdbc.OracleDriver</property>
		<property name="hibernate.connection.password">system</property>
		<property name="hibernate.connection.url">jdbc:oracle:thin:@localhost:1521:xe</property>
		<property name="hibernate.connection.username">system</property>
		<property name="hibernate.current_session_context_class">thread</property>
		<property name="hibernate.connection.pool_size">2</property>
		<property name="hibernate.dialect">org.hibernate.dialect.Oracle10gDialect</property>
		<property name="hibernate.show_sql">true</property>
		<property name="hibernate.format_sql">true</property>
		<property name="hibernate.hbm2ddl.auto">update</property>
		
		<mapping class="pojos.Customer"/>
		
		
</session-factory>
</hibernate-configuration>
